pose_x,pose_y,heading
21.00000,0.50000,3.14159
16.00000,7.50000,1.57000