pose_x,pose_y,heading
20.00000,1.00000,3.14159
4.00000,-7.00000,-0.78539
1.50000,5.50000,-0.78539
9.00000,4.20000,1.57000
0.0,0.0,0.0